s15/15_0101disgustingteeth,1195,1266,,,FN,0
s15/15_0101disgustingteeth,,,2,19,FP,1
s15/15_0101disgustingteeth,,,14,39,FP,2
s15/15_0101disgustingteeth,,,53,69,FP,3
s15/15_0101disgustingteeth,,,152,167,FP,4
s15/15_0101disgustingteeth,,,1204,1235,FP,5
s15/15_0102eatingworms,396,430,396,431,TP,6
s15/15_0102eatingworms,407,435,396,431,TP,7
s15/15_0102eatingworms,699,707,,,FN,8
s15/15_0102eatingworms,781,802,,,FN,9
s15/15_0102eatingworms,,,5,23,FP,10
s15/15_0102eatingworms,,,790,810,FP,11
s15/15_0401girlcrashing,557,608,558,620,TP,12
s15/15_0401girlcrashing,2854,2871,,,FN,13
s15/15_0401girlcrashing,,,671,710,FP,14
s15/15_0402beatingpregnantwoman,2155,2183,2158,2187,TP,15
s15/15_0402beatingpregnantwoman,3363,3383,,,FN,16
s15/15_0402beatingpregnantwoman,3380,3407,3365,3410,TP,17
s15/15_0402beatingpregnantwoman,3738,3822,,,FN,18
s15/15_0402beatingpregnantwoman,3761,3779,,,FN,19
s15/15_0402beatingpregnantwoman,,,3745,3758,FP,20
s15/15_0402beatingpregnantwoman,,,3765,3800,FP,21
s15/15_0502funnyerrors,138,148,,,FN,22
s15/15_0502funnyerrors,178,210,183,231,TP,23
s15/15_0502funnyerrors,2203,2227,,,FN,24
s15/15_0502funnyerrors,,,39,83,FP,25
s15/15_0502funnyerrors,,,107,125,FP,26
s15/15_0502funnyerrors,,,135,164,FP,27
s15/15_0502funnyerrors,,,2209,2248,FP,28
s15/15_0503unnyfarting,2457,2510,2459,2517,TP,29
s15/15_0505funnyinnovations,1403,1436,,,FN,30
s15/15_0508funnydunkey,,,23,62,FP,31
s16/16_0101disgustingteeth,167,199,,,FN,32
s16/16_0101disgustingteeth,333,366,,,FN,33
s16/16_0101disgustingteeth,552,565,555,569,TP,34
s16/16_0101disgustingteeth,697,725,699,731,TP,35
s16/16_0101disgustingteeth,915,965,923,950,TP,36
s16/16_0101disgustingteeth,1228,1284,1230,1268,TP,37
s16/16_0101disgustingteeth,1792,1836,1795,1853,TP,38
s16/16_0101disgustingteeth,1794,1842,1795,1853,TP,39
s16/16_0101disgustingteeth,,,581,594,FP,40
s16/16_0101disgustingteeth,,,1023,1037,FP,41
s16/16_0101disgustingteeth,,,1010,1023,FP,42
s16/16_0101disgustingteeth,,,1898,1930,FP,43
s16/16_0102eatingworms,187,240,174,253,TP,44
s16/16_0102eatingworms,173,248,174,253,TP,45
s16/16_0102eatingworms,270,278,,,FN,46
s16/16_0102eatingworms,317,400,,,FN,47
s16/16_0102eatingworms,322,356,293,360,TP,48
s16/16_0102eatingworms,322,359,293,360,TP,49
s16/16_0102eatingworms,420,445,424,447,TP,50
s16/16_0102eatingworms,526,543,524,545,TP,51
s16/16_0102eatingworms,720,741,,,FN,52
s16/16_0102eatingworms,,,357,405,FP,53
s16/16_0102eatingworms,,,480,494,FP,54
s16/16_0102eatingworms,,,538,569,FP,55
s16/16_0102eatingworms,,,392,431,FP,56
s16/16_0102eatingworms,,,724,762,FP,57
s16/16_0102eatingworms,,,881,904,FP,58
s16/16_0102eatingworms,,,1056,1071,FP,59
s16/16_0401girlcrashing,554,617,559,615,TP,60
s16/16_0401girlcrashing,1656,1700,1657,1689,TP,61
s16/16_0401girlcrashing,1741,1780,1748,1783,TP,62
s16/16_0401girlcrashing,3580,3599,3582,3606,TP,63
s16/16_0401girlcrashing,,,1778,1816,FP,64
s16/16_0402beatingpregnantwoman,415,457,417,448,TP,65
s16/16_0402beatingpregnantwoman,1382,1416,1379,1415,TP,66
s16/16_0402beatingpregnantwoman,1540,1577,,,FN,67
s16/16_0402beatingpregnantwoman,1865,1911,1866,1899,TP,68
s16/16_0402beatingpregnantwoman,2149,2210,2153,2204,TP,69
s16/16_0402beatingpregnantwoman,2712,2752,2716,2754,TP,70
s16/16_0402beatingpregnantwoman,2905,2937,2901,2936,TP,71
s16/16_0402beatingpregnantwoman,3409,3461,3412,3444,TP,72
s16/16_0402beatingpregnantwoman,3932,3963,,,FN,73
s16/16_0402beatingpregnantwoman,,,4,29,FP,74
s16/16_0402beatingpregnantwoman,,,685,711,FP,75
s16/16_0402beatingpregnantwoman,,,935,952,FP,76
s16/16_0402beatingpregnantwoman,,,1412,1424,FP,77
s16/16_0402beatingpregnantwoman,,,1520,1549,FP,78
s16/16_0402beatingpregnantwoman,,,1913,1929,FP,79
s16/16_0402beatingpregnantwoman,,,3475,3496,FP,80
s16/16_0502funnyerrors,323,334,324,340,TP,81
s16/16_0502funnyerrors,338,373,338,392,TP,82
s16/16_0502funnyerrors,850,894,856,900,TP,83
s16/16_0502funnyerrors,1098,1148,1102,1142,TP,84
s16/16_0502funnyerrors,1405,1441,1406,1424,TP,85
s16/16_0502funnyerrors,1470,1523,1471,1501,TP,86
s16/16_0502funnyerrors,2193,2220,,,FN,87
s16/16_0502funnyerrors,,,404,429,FP,88
s16/16_0502funnyerrors,,,423,444,FP,89
s16/16_0502funnyerrors,,,1422,1440,FP,90
s16/16_0502funnyerrors,,,2116,2130,FP,91
s16/16_0502funnyerrors,,,2148,2161,FP,92
s16/16_0505funnyinnovations,68,89,,,FN,93
s16/16_0505funnyinnovations,396,407,,,FN,94
s16/16_0505funnyinnovations,991,1017,993,1031,TP,95
s16/16_0505funnyinnovations,1135,1205,1137,1239,TP,96
s16/16_0505funnyinnovations,1352,1388,1347,1385,TP,97
s16/16_0505funnyinnovations,1595,1615,,,FN,98
s16/16_0505funnyinnovations,1610,1678,1612,1712,TP,99
s16/16_0505funnyinnovations,1695,1710,,,FN,100
s16/16_0505funnyinnovations,1880,1895,1879,1900,TP,101
s16/16_0505funnyinnovations,1902,1952,1905,1949,TP,102
s16/16_0505funnyinnovations,2239,2295,2240,2299,TP,103
s16/16_0505funnyinnovations,,,7,27,FP,104
s16/16_0505funnyinnovations,,,72,112,FP,105
s16/16_0505funnyinnovations,,,1727,1746,FP,106
s16/16_0505funnyinnovations,,,1743,1755,FP,107
s16/16_0505funnyinnovations,,,1761,1777,FP,108
s16/16_0505funnyinnovations,,,1954,1988,FP,109
s16/16_0505funnyinnovations,,,1980,2014,FP,110
s16/16_0505funnyinnovations,,,2201,2220,FP,111
s16/16_0507climbingthewall,844,870,,,FN,112
s16/16_0507climbingthewall,1571,1633,1565,1645,TP,113
s16/16_0507climbingthewall,1958,1968,,,FN,114
s16/16_0507climbingthewall,2285,2295,,,FN,115
s16/16_0507climbingthewall,2338,2411,,,FN,116
s16/16_0507climbingthewall,3169,3215,3170,3219,TP,117
s16/16_0507climbingthewall,,,628,651,FP,118
s16/16_0507climbingthewall,,,848,897,FP,119
s16/16_0507climbingthewall,,,944,960,FP,120
s16/16_0507climbingthewall,,,917,932,FP,121
s16/16_0507climbingthewall,,,1058,1082,FP,122
s16/16_0507climbingthewall,,,1040,1055,FP,123
s16/16_0507climbingthewall,,,2285,2366,FP,124
s16/16_0507climbingthewall,,,2341,2513,FP,125
s16/16_0507climbingthewall,,,2506,2548,FP,126
s16/16_0507climbingthewall,,,2539,2586,FP,127
s16/16_0507climbingthewall,,,2588,2600,FP,128
s16/16_0507climbingthewall,,,3216,3255,FP,129
s19/19_0102eatingworms,822,865,827,869,TP,130
s19/19_0102eatingworms,887,926,882,938,TP,131
s19/19_0402beatingpregnantwoman,1927,1942,,,FN,132
s19/19_0505funnyinnovations,1755,1808,1762,1809,TP,133
s19/19_0507climbingthewall,2977,3039,2981,3037,TP,134
s20/20_0502funnyerrors,981,999,976,1005,TP,135
s20/20_0502funnyerrors,1125,1161,,,FN,136
s20/20_0502funnyerrors,1403,1499,1414,1487,TP,137
s20/20_0502funnyerrors,,,13,25,FP,138
s20/20_0502funnyerrors,,,645,659,FP,139
s20/20_0502funnyerrors,,,1025,1037,FP,140
s20/20_0502funnyerrors,,,1106,1183,FP,141
s20/20_0502funnyerrors,,,1181,1223,FP,142
s20/20_0502funnyerrors,,,1398,1418,FP,143
s21/21_0101disgustingteeth,169,191,,,FN,144
s21/21_0401girlcrashing,3379,3411,,,FN,145
s21/21_0401girlcrashing,,,10,23,FP,146
s21/21_0401girlcrashing,,,123,139,FP,147
s21/21_0401girlcrashing,,,305,321,FP,148
s21/21_0401girlcrashing,,,487,504,FP,149
s21/21_0401girlcrashing,,,800,818,FP,150
s21/21_0401girlcrashing,,,2604,2618,FP,151
s22/22_0101disgustingteeth,366,393,,,FN,152
s22/22_0101disgustingteeth,380,411,,,FN,153
s22/22_0101disgustingteeth,510,545,512,558,TP,154
s22/22_0101disgustingteeth,1562,1580,,,FN,155
s22/22_0101disgustingteeth,1573,1598,1574,1610,TP,156
s22/22_0101disgustingteeth,1645,1670,1650,1669,TP,157
s22/22_0101disgustingteeth,1706,1728,1709,1744,TP,158
s22/22_0101disgustingteeth,1752,1768,,,FN,159
s22/22_0101disgustingteeth,1822,1855,1826,1852,TP,160
s22/22_0101disgustingteeth,1915,1941,,,FN,161
s22/22_0101disgustingteeth,,,368,436,FP,162
s22/22_0101disgustingteeth,,,1616,1652,FP,163
s22/22_0102eatingworms,301,320,,,FN,164
s22/22_0102eatingworms,321,357,301,357,TP,165
s22/22_0102eatingworms,904,932,,,FN,166
s22/22_0402beatingpregnantwoman,3246,3290,,,FN,167
s22/22_0402beatingpregnantwoman,,,3779,3792,FP,168
s22/22_0402beatingpregnantwoman,,,4155,4198,FP,169
s22/22_0402beatingpregnantwoman,,,4275,4311,FP,170
s22/22_0402beatingpregnantwoman,,,4204,4219,FP,171
s22/22_0402beatingpregnantwoman,,,4214,4271,FP,172
s22/22_0503unnyfarting,2758,2794,2764,2791,TP,173
s22/22_0503unnyfarting,,,185,198,FP,174
s22/22_0503unnyfarting,,,597,609,FP,175
s22/22_0508funnydunkey,81,135,,,FN,176
s22/22_0508funnydunkey,,,204,216,FP,177
s23/23_0102eatingworms,331,346,332,347,TP,178
s23/23_0102eatingworms,526,540,525,543,TP,179
s23/23_0102eatingworms,727,740,728,743,TP,180
s23/23_0102eatingworms,913,940,,,FN,181
s23/23_0102eatingworms,997,1015,,,FN,182
s23/23_0102eatingworms,,,2,44,FP,183
s23/23_0102eatingworms,,,42,69,FP,184
s23/23_0102eatingworms,,,71,87,FP,185
s23/23_0102eatingworms,,,143,192,FP,186
s23/23_0102eatingworms,,,85,99,FP,187
s23/23_0102eatingworms,,,107,147,FP,188
s23/23_0102eatingworms,,,488,508,FP,189
s23/23_0102eatingworms,,,810,842,FP,190
s23/23_0102eatingworms,,,904,920,FP,191
s23/23_0102eatingworms,,,924,947,FP,192
s23/23_0102eatingworms,,,1031,1053,FP,193
s23/23_0402beatingpregnantwoman,3685,3719,,,FN,194
s23/23_0402beatingpregnantwoman,3799,3818,,,FN,195
s23/23_0402beatingpregnantwoman,3879,3903,,,FN,196
s23/23_0402beatingpregnantwoman,,,118,137,FP,197
s23/23_0402beatingpregnantwoman,,,139,155,FP,198
s23/23_0402beatingpregnantwoman,,,170,183,FP,199
s23/23_0402beatingpregnantwoman,,,199,221,FP,200
s23/23_0402beatingpregnantwoman,,,259,277,FP,201
s23/23_0402beatingpregnantwoman,,,798,817,FP,202
s23/23_0402beatingpregnantwoman,,,905,925,FP,203
s23/23_0402beatingpregnantwoman,,,1941,1956,FP,204
s23/23_0402beatingpregnantwoman,,,2549,2563,FP,205
s23/23_0402beatingpregnantwoman,,,3062,3099,FP,206
s23/23_0402beatingpregnantwoman,,,3828,3847,FP,207
s23/23_0402beatingpregnantwoman,,,3862,3875,FP,208
s23/23_0502funnyerrors,1381,1460,,,FN,209
s23/23_0502funnyerrors,1937,1963,,,FN,210
s23/23_0502funnyerrors,,,6,23,FP,211
s23/23_0502funnyerrors,,,31,43,FP,212
s23/23_0502funnyerrors,,,131,148,FP,213
s23/23_0502funnyerrors,,,166,197,FP,214
s23/23_0502funnyerrors,,,80,98,FP,215
s23/23_0502funnyerrors,,,236,249,FP,216
s23/23_0502funnyerrors,,,279,298,FP,217
s23/23_0502funnyerrors,,,602,620,FP,218
s23/23_0502funnyerrors,,,618,638,FP,219
s23/23_0502funnyerrors,,,640,652,FP,220
s23/23_0502funnyerrors,,,673,685,FP,221
s23/23_0502funnyerrors,,,784,800,FP,222
s23/23_0502funnyerrors,,,1139,1158,FP,223
s23/23_0502funnyerrors,,,1227,1241,FP,224
s23/23_0502funnyerrors,,,2030,2044,FP,225
s23/23_0502funnyerrors,,,2047,2062,FP,226
s23/23_0502funnyerrors,,,2115,2129,FP,227
s23/23_0502funnyerrors,,,2130,2144,FP,228
s23/23_0502funnyerrors,,,2195,2208,FP,229
s23/23_0502funnyerrors,,,2250,2264,FP,230
s23/23_0503unnyfarting,,,6,21,FP,231
s23/23_0503unnyfarting,,,76,111,FP,232
s23/23_0503unnyfarting,,,109,138,FP,233
s23/23_0503unnyfarting,,,164,184,FP,234
s23/23_0503unnyfarting,,,257,275,FP,235
s23/23_0503unnyfarting,,,1520,1536,FP,236
s23/23_0503unnyfarting,,,1621,1633,FP,237
s23/23_0503unnyfarting,,,1665,1687,FP,238
s23/23_0503unnyfarting,,,1738,1754,FP,239
s23/23_0507climbingthewall,2744,2764,2729,2769,TP,240
s23/23_0507climbingthewall,,,36,65,FP,241
s23/23_0507climbingthewall,,,73,92,FP,242
s23/23_0507climbingthewall,,,121,140,FP,243
s23/23_0507climbingthewall,,,161,180,FP,244
s23/23_0507climbingthewall,,,1375,1387,FP,245
s23/23_0507climbingthewall,,,1461,1479,FP,246
s23/23_0507climbingthewall,,,1556,1569,FP,247
s23/23_0507climbingthewall,,,1943,1955,FP,248
s23/23_0507climbingthewall,,,1970,1984,FP,249
s23/23_0507climbingthewall,,,1881,1894,FP,250
s23/23_0507climbingthewall,,,2608,2622,FP,251
s23/23_0507climbingthewall,,,2692,2704,FP,252
s23/23_0507climbingthewall,,,2801,2817,FP,253
s23/23_0507climbingthewall,,,2993,3006,FP,254
s24/24_0101disgustingteeth,1356,1380,1359,1382,TP,255
s24/24_0101disgustingteeth,1383,1419,1383,1417,TP,256
s24/24_0101disgustingteeth,,,23,45,FP,257
s24/24_0401girlcrashing,355,385,356,392,TP,258
s24/24_0401girlcrashing,434,450,,,FN,259
s24/24_0401girlcrashing,608,621,,,FN,260
s24/24_0401girlcrashing,963,977,964,987,TP,261
s24/24_0401girlcrashing,1262,1289,,,FN,262
s24/24_0401girlcrashing,1890,1902,,,FN,263
s24/24_0401girlcrashing,1903,1950,1895,1949,TP,264
s24/24_0401girlcrashing,2181,2193,,,FN,265
s24/24_0401girlcrashing,2208,2276,,,FN,266
s24/24_0401girlcrashing,2543,2576,,,FN,267
s24/24_0401girlcrashing,3411,3440,,,FN,268
s24/24_0401girlcrashing,3441,3453,,,FN,269
s24/24_0401girlcrashing,,,423,482,FP,270
s24/24_0401girlcrashing,,,1038,1053,FP,271
s24/24_0401girlcrashing,,,1957,1974,FP,272
s24/24_0401girlcrashing,,,2193,2228,FP,273
s24/24_0401girlcrashing,,,2242,2272,FP,274
s24/24_0401girlcrashing,,,2268,2292,FP,275
s24/24_0401girlcrashing,,,2562,2581,FP,276
s24/24_0401girlcrashing,,,2644,2693,FP,277
s24/24_0401girlcrashing,,,3383,3395,FP,278
s24/24_0401girlcrashing,,,3396,3429,FP,279
s24/24_0401girlcrashing,,,3431,3524,FP,280
s24/24_0402beatingpregnantwoman,3297,3342,3302,3342,TP,281
s24/24_0402beatingpregnantwoman,3553,3599,3554,3598,TP,282
s24/24_0402beatingpregnantwoman,,,3337,3373,FP,283
s24/24_0402beatingpregnantwoman,,,3602,3643,FP,284
s24/24_0502funnyerrors,852,869,,,FN,285
s24/24_0502funnyerrors,1078,1101,,,FN,286
s24/24_0502funnyerrors,1584,1630,,,FN,287
s24/24_0502funnyerrors,1863,1889,1865,1906,TP,288
s24/24_0502funnyerrors,,,854,886,FP,289
s24/24_0502funnyerrors,,,1033,1055,FP,290
s24/24_0502funnyerrors,,,1672,1689,FP,291
s24/24_0502funnyerrors,,,1904,1945,FP,292
s24/24_0502funnyerrors,,,1941,1978,FP,293
s24/24_0502funnyerrors,,,1973,2001,FP,294
s24/24_0507climbingthewall,832,881,835,901,TP,295
s24/24_0507climbingthewall,1421,1464,1422,1492,TP,296
s24/24_0507climbingthewall,1648,1678,,,FN,297
s24/24_0507climbingthewall,1664,1703,1667,1705,TP,298
s24/24_0507climbingthewall,1836,1848,,,FN,299
s24/24_0507climbingthewall,1858,1882,1859,1879,TP,300
s24/24_0507climbingthewall,1951,1965,,,FN,301
s24/24_0507climbingthewall,2005,2044,,,FN,302
s24/24_0507climbingthewall,2229,2247,,,FN,303
s24/24_0507climbingthewall,2691,2746,2693,2734,TP,304
s24/24_0507climbingthewall,3168,3223,3170,3261,TP,305
s24/24_0507climbingthewall,3233,3248,,,FN,306
s24/24_0507climbingthewall,,,6,34,FP,307
s24/24_0507climbingthewall,,,35,59,FP,308
s24/24_0507climbingthewall,,,1062,1084,FP,309
s24/24_0507climbingthewall,,,1101,1129,FP,310
s24/24_0507climbingthewall,,,1531,1567,FP,311
s24/24_0507climbingthewall,,,1509,1521,FP,312
s24/24_0507climbingthewall,,,1614,1654,FP,313
s24/24_0507climbingthewall,,,1703,1738,FP,314
s24/24_0507climbingthewall,,,1748,1764,FP,315
s24/24_0507climbingthewall,,,1766,1796,FP,316
s24/24_0507climbingthewall,,,2007,2082,FP,317
s24/24_0507climbingthewall,,,2230,2267,FP,318
s24/24_0507climbingthewall,,,2216,2232,FP,319
s24/24_0507climbingthewall,,,2729,2765,FP,320
s24/24_0507climbingthewall,,,2808,2830,FP,321
s25/25_0101disgustingteeth,113,127,115,129,TP,322
s25/25_0102eatingworms,470,490,,,FN,323
s25/25_0102eatingworms,996,1008,,,FN,324
s25/25_0102eatingworms,1008,1017,,,FN,325
s25/25_0102eatingworms,1018,1034,,,FN,326
s25/25_0502funnyerrors,841,913,,,FN,327
s25/25_0502funnyerrors,945,984,,,FN,328
s25/25_0502funnyerrors,,,838,986,FP,329
s25/25_0502funnyerrors,,,985,998,FP,330
s25/25_0502funnyerrors,,,1009,1044,FP,331
s25/25_0502funnyerrors,,,1037,1101,FP,332
s25/25_0502funnyerrors,,,1103,1163,FP,333
s25/25_0502funnyerrors,,,1159,1199,FP,334
s25/25_0502funnyerrors,,,1244,1277,FP,335
s25/25_0502funnyerrors,,,1272,1335,FP,336
s25/25_0502funnyerrors,,,1217,1242,FP,337
s25/25_0502funnyerrors,,,1475,1515,FP,338
s25/25_0502funnyerrors,,,1380,1410,FP,339
s25/25_0508funnydunkey,123,167,124,166,TP,340
s25/25_0508funnydunkey,189,223,,,FN,341
s25/25_0508funnydunkey,,,187,340,FP,342
s25/25_0508funnydunkey,,,332,356,FP,343
s25/25_0508funnydunkey,,,407,457,FP,344
s25/25_0508funnydunkey,,,450,538,FP,345
s25/25_0508funnydunkey,,,524,656,FP,346
s25/25_0508funnydunkey,,,381,401,FP,347
s26/26_0101disgustingteeth,1014,1040,,,FN,348
s26/26_0101disgustingteeth,,,46,71,FP,349
s26/26_0102eatingworms,308,345,,,FN,350
s26/26_0102eatingworms,428,447,,,FN,351
s26/26_0401girlcrashing,575,622,,,FN,352
s26/26_0401girlcrashing,,,12,28,FP,353
s26/26_0401girlcrashing,,,77,115,FP,354
s26/26_0503unnyfarting,408,458,,,FN,355
s26/26_0503unnyfarting,1727,1757,,,FN,356
s27/27_0101disgustingteeth,417,473,421,506,TP,357
s27/27_0101disgustingteeth,874,888,,,FN,358
s27/27_0101disgustingteeth,890,911,,,FN,359
s27/27_0101disgustingteeth,1201,1220,1200,1222,TP,360
s27/27_0101disgustingteeth,1221,1224,,,FN,361
s27/27_0101disgustingteeth,1703,1722,,,FN,362
s27/27_0101disgustingteeth,,,19,59,FP,363
s27/27_0101disgustingteeth,,,884,945,FP,364
s27/27_0101disgustingteeth,,,1221,1246,FP,365
s27/27_0102eatingworms,34,48,,,FN,366
s27/27_0102eatingworms,309,317,,,FN,367
s27/27_0102eatingworms,314,332,,,FN,368
s27/27_0102eatingworms,374,388,364,387,TP,369
s27/27_0102eatingworms,439,457,,,FN,370
s27/27_0102eatingworms,452,509,459,509,TP,371
s27/27_0102eatingworms,553,572,554,570,TP,372
s27/27_0102eatingworms,795,818,786,822,TP,373
s27/27_0102eatingworms,1053,1074,,,FN,374
s27/27_0102eatingworms,,,29,63,FP,375
s27/27_0102eatingworms,,,15,27,FP,376
s27/27_0102eatingworms,,,316,353,FP,377
s27/27_0102eatingworms,,,569,599,FP,378
s27/27_0401girlcrashing,352,365,352,368,TP,379
s27/27_0401girlcrashing,369,382,369,387,TP,380
s27/27_0401girlcrashing,1135,1147,1136,1153,TP,381
s27/27_0401girlcrashing,1152,1177,,,FN,382
s27/27_0401girlcrashing,1682,1733,1686,1741,TP,383
s27/27_0401girlcrashing,1974,1986,1970,1993,TP,384
s27/27_0401girlcrashing,2158,2182,,,FN,385
s27/27_0401girlcrashing,2241,2258,2244,2260,TP,386
s27/27_0401girlcrashing,,,21,67,FP,387
s27/27_0401girlcrashing,,,294,308,FP,388
s27/27_0401girlcrashing,,,386,401,FP,389
s27/27_0401girlcrashing,,,400,427,FP,390
s27/27_0401girlcrashing,,,441,481,FP,391
s27/27_0401girlcrashing,,,483,546,FP,392
s27/27_0401girlcrashing,,,552,582,FP,393
s27/27_0401girlcrashing,,,579,628,FP,394
s27/27_0401girlcrashing,,,632,663,FP,395
s27/27_0401girlcrashing,,,1158,1195,FP,396
s27/27_0402beatingpregnantwoman,2632,2653,2634,2661,TP,397
s27/27_0402beatingpregnantwoman,3727,3745,,,FN,398
s27/27_0402beatingpregnantwoman,,,6,43,FP,399
s27/27_0402beatingpregnantwoman,,,64,89,FP,400
s27/27_0402beatingpregnantwoman,,,105,122,FP,401
s27/27_0402beatingpregnantwoman,,,2658,2674,FP,402
s27/27_0402beatingpregnantwoman,,,2675,2700,FP,403
s27/27_0402beatingpregnantwoman,,,2717,2748,FP,404
s27/27_0402beatingpregnantwoman,,,3729,3761,FP,405
s27/27_0402beatingpregnantwoman,,,3941,3954,FP,406
s27/27_0502funnyerrors,169,251,,,FN,407
s27/27_0502funnyerrors,329,361,310,355,TP,408
s27/27_0502funnyerrors,558,599,561,623,TP,409
s27/27_0502funnyerrors,613,628,,,FN,410
s27/27_0502funnyerrors,1081,1133,1083,1144,TP,411
s27/27_0502funnyerrors,1438,1465,1443,1480,TP,412
s27/27_0502funnyerrors,2187,2219,2182,2235,TP,413
s27/27_0502funnyerrors,,,73,90,FP,414
s27/27_0502funnyerrors,,,90,102,FP,415
s27/27_0502funnyerrors,,,103,120,FP,416
s27/27_0502funnyerrors,,,173,213,FP,417
s27/27_0502funnyerrors,,,223,248,FP,418
s27/27_0502funnyerrors,,,245,276,FP,419
s27/27_0502funnyerrors,,,403,433,FP,420
s27/27_0502funnyerrors,,,532,564,FP,421
s27/27_0502funnyerrors,,,706,719,FP,422
s27/27_0502funnyerrors,,,1140,1167,FP,423
s27/27_0502funnyerrors,,,1266,1285,FP,424
s27/27_0502funnyerrors,,,1475,1505,FP,425
s27/27_0503unnyfarting,359,394,362,402,TP,426
s27/27_0503unnyfarting,419,432,,,FN,427
s27/27_0503unnyfarting,2225,2271,2227,2269,TP,428
s27/27_0503unnyfarting,,,14,26,FP,429
s27/27_0503unnyfarting,,,46,87,FP,430
s27/27_0505funnyinnovations,1122,1234,1126,1226,TP,431
s27/27_0505funnyinnovations,1758,1813,1761,1812,TP,432
s27/27_0505funnyinnovations,1918,1982,1917,1994,TP,433
s27/27_0505funnyinnovations,,,70,82,FP,434
s27/27_0505funnyinnovations,,,5,20,FP,435
s27/27_0505funnyinnovations,,,617,723,FP,436
s27/27_0505funnyinnovations,,,722,737,FP,437
s27/27_0505funnyinnovations,,,736,757,FP,438
s27/27_0505funnyinnovations,,,752,774,FP,439
s27/27_0505funnyinnovations,,,770,800,FP,440
s27/27_0505funnyinnovations,,,858,939,FP,441
s27/27_0505funnyinnovations,,,1227,1250,FP,442
s27/27_0505funnyinnovations,,,1672,1695,FP,443
s27/27_0505funnyinnovations,,,1905,1919,FP,444
s27/27_0505funnyinnovations,,,2001,2060,FP,445
s27/27_0505funnyinnovations,,,2078,2091,FP,446
s27/27_0505funnyinnovations,,,2286,2300,FP,447
s27/27_0507climbingthewall,901,919,899,921,TP,448
s27/27_0507climbingthewall,876,890,,,FN,449
s27/27_0507climbingthewall,2677,2702,2681,2700,TP,450
s27/27_0507climbingthewall,3187,3212,3191,3228,TP,451
s27/27_0507climbingthewall,,,51,76,FP,452
s27/27_0507climbingthewall,,,77,89,FP,453
s27/27_0507climbingthewall,,,1268,1339,FP,454
s27/27_0507climbingthewall,,,1330,1380,FP,455
s27/27_0508funnydunkey,179,243,183,279,TP,456
s27/27_0508funnydunkey,,,281,293,FP,457
s27/27_0508funnydunkey,,,290,323,FP,458
s27/27_0508funnydunkey,,,320,353,FP,459
s27/27_0508funnydunkey,,,366,413,FP,460
s27/27_0508funnydunkey,,,458,470,FP,461
s27/27_0508funnydunkey,,,482,495,FP,462
s27/27_0508funnydunkey,,,625,656,FP,463
s29/29_0502funnyerrors,140,152,,,FN,464
s30/30_0101disgustingteeth,1455,1466,,,FN,465
s30/30_0102eatingworms,337,385,,,FN,466
s30/30_0102eatingworms,761,804,,,FN,467
s30/30_0102eatingworms,,,59,98,FP,468
s30/30_0102eatingworms,,,369,387,FP,469
s30/30_0102eatingworms,,,339,351,FP,470
s30/30_0102eatingworms,,,353,368,FP,471
s30/30_0102eatingworms,,,780,797,FP,472
s30/30_0401girlcrashing,395,422,,,FN,473
s30/30_0401girlcrashing,926,941,923,946,TP,474
s30/30_0401girlcrashing,1581,1622,,,FN,475
s30/30_0401girlcrashing,2983,3021,2986,3041,TP,476
s30/30_0401girlcrashing,,,1614,1676,FP,477
s30/30_0401girlcrashing,,,1751,1764,FP,478
s30/30_0401girlcrashing,,,1978,2001,FP,479
s30/30_0401girlcrashing,,,2009,2045,FP,480
s30/30_0401girlcrashing,,,3266,3306,FP,481
s30/30_0401girlcrashing,,,3306,3352,FP,482
s30/30_0401girlcrashing,,,3417,3445,FP,483
s30/30_0401girlcrashing,,,3355,3389,FP,484
s30/30_0401girlcrashing,,,3402,3415,FP,485
s30/30_0502funnyerrors,167,197,170,201,TP,486
s30/30_0502funnyerrors,331,410,,,FN,487
s30/30_0502funnyerrors,846,895,849,889,TP,488
s30/30_0502funnyerrors,1172,1215,,,FN,489
s30/30_0502funnyerrors,1569,1614,1571,1610,TP,490
s30/30_0502funnyerrors,1918,1954,1924,1951,TP,491
s30/30_0502funnyerrors,,,13,52,FP,492
s30/30_0502funnyerrors,,,150,174,FP,493
s30/30_0502funnyerrors,,,384,399,FP,494
s30/30_0502funnyerrors,,,339,369,FP,495
s30/30_0502funnyerrors,,,1178,1195,FP,496
s30/30_0502funnyerrors,,,1199,1214,FP,497
s30/30_0503unnyfarting,1419,1458,,,FN,498
s30/30_0503unnyfarting,1547,1582,,,FN,499
s30/30_0503unnyfarting,,,28,40,FP,500
s30/30_0503unnyfarting,,,1425,1443,FP,501
s30/30_0505funnyinnovations,1141,1186,1148,1181,TP,502
s30/30_0505funnyinnovations,2232,2302,2239,2286,TP,503
s30/30_0505funnyinnovations,,,36,198,FP,504
s30/30_0507climbingthewall,1680,1698,1678,1698,TP,505
s30/30_0507climbingthewall,3179,3213,,,FN,506
s30/30_0507climbingthewall,,,57,77,FP,507
s31/31_0101disgustingteeth,382,457,,,FN,508
s31/31_0101disgustingteeth,555,611,,,FN,509
s31/31_0101disgustingteeth,726,843,,,FN,510
s31/31_0101disgustingteeth,836,886,840,884,TP,511
s31/31_0101disgustingteeth,1089,1140,1102,1136,TP,512
s31/31_0101disgustingteeth,1150,1169,,,FN,513
s31/31_0101disgustingteeth,1421,1433,,,FN,514
s31/31_0101disgustingteeth,1561,1601,,,FN,515
s31/31_0101disgustingteeth,1631,1660,,,FN,516
s31/31_0101disgustingteeth,,,450,469,FP,517
s31/31_0101disgustingteeth,,,753,795,FP,518
s31/31_0101disgustingteeth,,,811,828,FP,519
s31/31_0101disgustingteeth,,,932,961,FP,520
s31/31_0101disgustingteeth,,,970,987,FP,521
s31/31_0101disgustingteeth,,,1067,1086,FP,522
s31/31_0101disgustingteeth,,,1145,1207,FP,523
s31/31_0101disgustingteeth,,,1304,1332,FP,524
s31/31_0401girlcrashing,515,534,,,FN,525
s31/31_0401girlcrashing,2850,2876,,,FN,526
s31/31_0401girlcrashing,3337,3383,,,FN,527
s31/31_0401girlcrashing,,,573,612,FP,528
s31/31_0401girlcrashing,,,2408,2434,FP,529
s31/31_0401girlcrashing,,,2628,2658,FP,530
s31/31_0401girlcrashing,,,2707,2719,FP,531
s31/31_0401girlcrashing,,,2915,2940,FP,532
s31/31_0401girlcrashing,,,2950,2962,FP,533
s31/31_0401girlcrashing,,,2991,3006,FP,534
s31/31_0401girlcrashing,,,3093,3117,FP,535
s31/31_0401girlcrashing,,,3153,3192,FP,536
s31/31_0401girlcrashing,,,3214,3231,FP,537
s31/31_0401girlcrashing,,,3403,3440,FP,538
s31/31_0402beatingpregnantwoman,863,888,865,882,TP,539
s31/31_0402beatingpregnantwoman,1689,1702,,,FN,540
s31/31_0402beatingpregnantwoman,2123,2156,2129,2167,TP,541
s31/31_0402beatingpregnantwoman,2190,2204,2193,2205,TP,542
s31/31_0402beatingpregnantwoman,2205,2226,2203,2236,TP,543
s31/31_0402beatingpregnantwoman,2377,2389,2381,2393,TP,544
s31/31_0402beatingpregnantwoman,2395,2450,2398,2468,TP,545
s31/31_0402beatingpregnantwoman,3277,3351,,,FN,546
s31/31_0402beatingpregnantwoman,3479,3509,3481,3513,TP,547
s31/31_0402beatingpregnantwoman,3803,3815,,,FN,548
s31/31_0402beatingpregnantwoman,,,1314,1344,FP,549
s31/31_0402beatingpregnantwoman,,,1293,1306,FP,550
s31/31_0402beatingpregnantwoman,,,1469,1483,FP,551
s31/31_0402beatingpregnantwoman,,,1412,1438,FP,552
s31/31_0402beatingpregnantwoman,,,1725,1760,FP,553
s31/31_0402beatingpregnantwoman,,,1769,1781,FP,554
s31/31_0402beatingpregnantwoman,,,1777,1789,FP,555
s31/31_0402beatingpregnantwoman,,,1800,1816,FP,556
s31/31_0402beatingpregnantwoman,,,1818,1834,FP,557
s31/31_0402beatingpregnantwoman,,,2889,2922,FP,558
s31/31_0402beatingpregnantwoman,,,2918,2948,FP,559
s31/31_0402beatingpregnantwoman,,,2941,2967,FP,560
s31/31_0402beatingpregnantwoman,,,2967,2981,FP,561
s31/31_0402beatingpregnantwoman,,,3099,3123,FP,562
s31/31_0402beatingpregnantwoman,,,3196,3230,FP,563
s31/31_0402beatingpregnantwoman,,,3262,3277,FP,564
s31/31_0502funnyerrors,1595,1653,1589,1656,TP,565
s31/31_0502funnyerrors,,,453,481,FP,566
s31/31_0502funnyerrors,,,1791,1811,FP,567
s31/31_0502funnyerrors,,,2140,2191,FP,568
s31/31_0503unnyfarting,2169,2202,,,FN,569
s31/31_0505funnyinnovations,1046,1059,,,FN,570
s31/31_0505funnyinnovations,2242,2279,2245,2282,TP,571
s31/31_0507climbingthewall,768,793,,,FN,572
s31/31_0507climbingthewall,834,857,836,862,TP,573
s31/31_0507climbingthewall,1500,1540,,,FN,574
s31/31_0507climbingthewall,1565,1586,1568,1592,TP,575
s31/31_0507climbingthewall,2247,2288,,,FN,576
s31/31_0507climbingthewall,3114,3144,,,FN,577
s31/31_0507climbingthewall,,,1341,1379,FP,578
s31/31_0507climbingthewall,,,1880,1901,FP,579
s32/32_0101disgustingteeth,885,919,,,FN,580
s32/32_0101disgustingteeth,1234,1250,,,FN,581
s32/32_0101disgustingteeth,,,24,41,FP,582
s32/32_0102eatingworms,780,802,777,806,TP,583
s32/32_0102eatingworms,,,6,22,FP,584
s32/32_0102eatingworms,,,218,237,FP,585
s32/32_0401girlcrashing,268,278,,,FN,586
s32/32_0401girlcrashing,302,322,306,329,TP,587
s32/32_0401girlcrashing,344,360,343,365,TP,588
s32/32_0401girlcrashing,406,439,408,447,TP,589
s32/32_0401girlcrashing,562,609,573,606,TP,590
s32/32_0401girlcrashing,874,897,879,901,TP,591
s32/32_0401girlcrashing,1310,1363,1308,1359,TP,592
s32/32_0401girlcrashing,1518,1560,1520,1560,TP,593
s32/32_0401girlcrashing,1650,1674,1652,1683,TP,594
s32/32_0401girlcrashing,1692,1742,1704,1734,TP,595
s32/32_0401girlcrashing,2249,2335,2255,2311,TP,596
s32/32_0401girlcrashing,2407,2451,,,FN,597
s32/32_0401girlcrashing,2796,2845,2793,2842,TP,598
s32/32_0401girlcrashing,2912,2961,2914,2997,TP,599
s32/32_0401girlcrashing,3173,3197,3170,3207,TP,600
s32/32_0401girlcrashing,,,5,42,FP,601
s32/32_0401girlcrashing,,,203,227,FP,602
s32/32_0401girlcrashing,,,449,492,FP,603
s32/32_0401girlcrashing,,,1389,1429,FP,604
s32/32_0401girlcrashing,,,1563,1615,FP,605
s32/32_0401girlcrashing,,,1759,1786,FP,606
s32/32_0401girlcrashing,,,2330,2365,FP,607
s32/32_0401girlcrashing,,,3002,3029,FP,608
s32/32_0401girlcrashing,,,3564,3579,FP,609
s32/32_0402beatingpregnantwoman,1531,1550,,,FN,610
s32/32_0402beatingpregnantwoman,2270,2295,2269,2300,TP,611
s32/32_0402beatingpregnantwoman,2774,2802,2777,2814,TP,612
s32/32_0402beatingpregnantwoman,3200,3230,3205,3235,TP,613
s32/32_0402beatingpregnantwoman,3396,3426,3398,3428,TP,614
s32/32_0402beatingpregnantwoman,3745,3807,3746,3823,TP,615
s32/32_0402beatingpregnantwoman,3999,4073,4007,4063,TP,616
s32/32_0402beatingpregnantwoman,,,7,34,FP,617
s32/32_0402beatingpregnantwoman,,,950,982,FP,618
s32/32_0402beatingpregnantwoman,,,1025,1053,FP,619
s32/32_0402beatingpregnantwoman,,,1171,1183,FP,620
s32/32_0402beatingpregnantwoman,,,1534,1570,FP,621
s32/32_0402beatingpregnantwoman,,,3371,3393,FP,622
s32/32_0402beatingpregnantwoman,,,3982,4007,FP,623
s32/32_0502funnyerrors,139,194,111,200,TP,624
s32/32_0502funnyerrors,311,324,,,FN,625
s32/32_0502funnyerrors,325,345,,,FN,626
s32/32_0502funnyerrors,404,430,406,445,TP,627
s32/32_0502funnyerrors,858,909,860,932,TP,628
s32/32_0502funnyerrors,1171,1184,1170,1196,TP,629
s32/32_0502funnyerrors,1570,1609,1575,1611,TP,630
s32/32_0502funnyerrors,2203,2229,,,FN,631
s32/32_0502funnyerrors,,,5,85,FP,632
s32/32_0502funnyerrors,,,86,109,FP,633
s32/32_0502funnyerrors,,,223,235,FP,634
s32/32_0502funnyerrors,,,317,367,FP,635
s32/32_0502funnyerrors,,,625,652,FP,636
s32/32_0502funnyerrors,,,942,974,FP,637
s32/32_0502funnyerrors,,,968,1007,FP,638
s32/32_0502funnyerrors,,,1608,1638,FP,639
s32/32_0502funnyerrors,,,1655,1675,FP,640
s32/32_0502funnyerrors,,,2206,2270,FP,641
s32/32_0503unnyfarting,258,272,,,FN,642
s32/32_0503unnyfarting,258,319,258,322,TP,643
s32/32_0503unnyfarting,349,416,309,424,TP,644
s32/32_0503unnyfarting,656,716,658,715,TP,645
s32/32_0503unnyfarting,729,755,731,751,TP,646
s32/32_0503unnyfarting,748,820,751,790,TP,647
s32/32_0503unnyfarting,1031,1044,,,FN,648
s32/32_0503unnyfarting,1082,1143,1085,1185,TP,649
s32/32_0503unnyfarting,1552,1586,,,FN,650
s32/32_0503unnyfarting,1559,1611,1556,1616,TP,651
s32/32_0503unnyfarting,1751,1780,,,FN,652
s32/32_0503unnyfarting,2077,2132,2081,2135,TP,653
s32/32_0503unnyfarting,2454,2500,2460,2494,TP,654
s32/32_0503unnyfarting,2663,2728,,,FN,655
s32/32_0503unnyfarting,,,7,28,FP,656
s32/32_0503unnyfarting,,,61,89,FP,657
s32/32_0503unnyfarting,,,463,508,FP,658
s32/32_0503unnyfarting,,,527,544,FP,659
s32/32_0503unnyfarting,,,785,925,FP,660
s32/32_0503unnyfarting,,,909,968,FP,661
s32/32_0503unnyfarting,,,1037,1054,FP,662
s32/32_0503unnyfarting,,,1634,1659,FP,663
s32/32_0503unnyfarting,,,1752,1812,FP,664
s32/32_0503unnyfarting,,,1652,1684,FP,665
s32/32_0503unnyfarting,,,1813,1848,FP,666
s32/32_0503unnyfarting,,,1849,1873,FP,667
s32/32_0503unnyfarting,,,1884,1922,FP,668
s32/32_0503unnyfarting,,,1926,1966,FP,669
s32/32_0503unnyfarting,,,2536,2586,FP,670
s32/32_0505funnyinnovations,1362,1380,,,FN,671
s32/32_0505funnyinnovations,1382,1405,1366,1410,TP,672
s32/32_0505funnyinnovations,1709,1750,1714,1753,TP,673
s32/32_0505funnyinnovations,2212,2272,2215,2300,TP,674
s32/32_0505funnyinnovations,,,29,42,FP,675
s32/32_0505funnyinnovations,,,1402,1430,FP,676
s32/32_0505funnyinnovations,,,1429,1441,FP,677
s32/32_0507climbingthewall,1646,1743,1648,1772,TP,678
s32/32_0507climbingthewall,2332,2348,2336,2350,TP,679
s32/32_0507climbingthewall,,,197,223,FP,680
s32/32_0507climbingthewall,,,1126,1154,FP,681
s32/32_0507climbingthewall,,,1774,1839,FP,682
s32/32_0507climbingthewall,,,2346,2385,FP,683
s32/32_0507climbingthewall,,,3104,3127,FP,684
s32/32_0508funnydunkey,286,301,281,310,TP,685
s32/32_0508funnydunkey,,,90,120,FP,686
s32/32_0508funnydunkey,,,12,61,FP,687
s33/33_0102eatingworms,56,76,,,FN,688
s33/33_0102eatingworms,108,130,,,FN,689
s33/33_0102eatingworms,,,110,150,FP,690
s33/33_0102eatingworms,,,296,337,FP,691
s33/33_0102eatingworms,,,388,409,FP,692
s33/33_0102eatingworms,,,418,578,FP,693
s33/33_0102eatingworms,,,696,751,FP,694
s33/33_0102eatingworms,,,806,843,FP,695
s33/33_0402beatingpregnantwoman,3682,3699,3682,3700,TP,696
s33/33_0402beatingpregnantwoman,4328,4356,,,FN,697
s33/33_0402beatingpregnantwoman,,,7,39,FP,698
s33/33_0402beatingpregnantwoman,,,62,122,FP,699
s33/33_0402beatingpregnantwoman,,,137,152,FP,700
s33/33_0402beatingpregnantwoman,,,151,198,FP,701
s33/33_0402beatingpregnantwoman,,,119,141,FP,702
s33/33_0402beatingpregnantwoman,,,280,359,FP,703
s33/33_0402beatingpregnantwoman,,,353,398,FP,704
s33/33_0402beatingpregnantwoman,,,394,415,FP,705
s33/33_0402beatingpregnantwoman,,,409,439,FP,706
s34/34_0401girlcrashing,1763,1787,,,FN,707
s34/34_0402beatingpregnantwoman,2170,2205,,,FN,708
s34/34_0503unnyfarting,990,1042,1006,1044,TP,709
s34/34_0503unnyfarting,,,13,47,FP,710
s34/34_0503unnyfarting,,,98,137,FP,711
s35/35_0102eatingworms,100,113,,,FN,712
s35/35_0102eatingworms,363,371,,,FN,713
s35/35_0102eatingworms,,,88,132,FP,714
s35/35_0102eatingworms,,,364,379,FP,715
s35/35_0102eatingworms,,,1064,1077,FP,716
s36/36_0401girlcrashing,106,145,106,145,TP,717
s36/36_0401girlcrashing,,,170,204,FP,718
s36/36_0401girlcrashing,,,51,73,FP,719
s36/36_0401girlcrashing,,,253,265,FP,720
s36/36_0401girlcrashing,,,372,404,FP,721
s36/36_0401girlcrashing,,,403,419,FP,722
s36/36_0401girlcrashing,,,282,315,FP,723
s36/36_0401girlcrashing,,,357,370,FP,724
s36/36_0401girlcrashing,,,737,772,FP,725
s36/36_0401girlcrashing,,,836,849,FP,726
s36/36_0401girlcrashing,,,2121,2163,FP,727
s36/36_0401girlcrashing,,,3497,3514,FP,728
s36/36_0401girlcrashing,,,3471,3497,FP,729
s36/36_0401girlcrashing,,,3615,3627,FP,730
s36/36_0505funnyinnovations,348,393,354,408,TP,731
s36/36_0505funnyinnovations,566,602,574,616,TP,732
s36/36_0505funnyinnovations,1074,1095,,,FN,733
s36/36_0505funnyinnovations,,,5,67,FP,734
s36/36_0505funnyinnovations,,,885,925,FP,735
s36/36_0505funnyinnovations,,,849,866,FP,736
s36/36_0505funnyinnovations,,,868,884,FP,737
s36/36_0505funnyinnovations,,,917,955,FP,738
s36/36_0505funnyinnovations,,,1356,1410,FP,739
s36/36_0505funnyinnovations,,,1494,1507,FP,740
s36/36_0505funnyinnovations,,,1466,1486,FP,741
s36/36_0505funnyinnovations,,,1706,1719,FP,742
s36/36_0505funnyinnovations,,,1781,1805,FP,743
s36/36_0505funnyinnovations,,,2096,2127,FP,744
s36/36_0505funnyinnovations,,,2131,2148,FP,745
s36/36_0505funnyinnovations,,,2243,2263,FP,746
s36/36_0505funnyinnovations,,,2280,2297,FP,747
s37/37_0101disgustingteeth,1289,1310,1293,1310,TP,748
s37/37_0101disgustingteeth,,,9,44,FP,749
s37/37_0101disgustingteeth,,,93,114,FP,750
s37/37_0101disgustingteeth,,,186,198,FP,751
s37/37_0101disgustingteeth,,,1264,1278,FP,752
s37/37_0402beatingpregnantwoman,2783,2810,,,FN,753
s37/37_0402beatingpregnantwoman,3045,3066,,,FN,754
s37/37_0402beatingpregnantwoman,3176,3200,3180,3200,TP,755
s37/37_0402beatingpregnantwoman,3397,3413,,,FN,756
s37/37_0402beatingpregnantwoman,3502,3514,,,FN,757
s37/37_0402beatingpregnantwoman,,,10,38,FP,758
s37/37_0402beatingpregnantwoman,,,3213,3229,FP,759
s37/37_0502funnyerrors,851,875,852,893,TP,760
s37/37_0502funnyerrors,1858,1888,1861,1889,TP,761
s37/37_0502funnyerrors,,,3,16,FP,762
s37/37_0502funnyerrors,,,1964,1998,FP,763
s37/37_0502funnyerrors,,,2106,2122,FP,764
s37/37_0502funnyerrors,,,2036,2060,FP,765
s37/37_0505funnyinnovations,414,443,,,FN,766
s37/37_0505funnyinnovations,1167,1202,,,FN,767
s37/37_0505funnyinnovations,1468,1509,,,FN,768
s37/37_0505funnyinnovations,1511,1541,,,FN,769
s37/37_0505funnyinnovations,1941,1974,,,FN,770
s37/37_0505funnyinnovations,2229,2269,2234,2266,TP,771
s37/37_0505funnyinnovations,,,494,507,FP,772
s37/37_0505funnyinnovations,,,523,536,FP,773
s37/37_0505funnyinnovations,,,538,567,FP,774
s37/37_0505funnyinnovations,,,659,683,FP,775
s37/37_0505funnyinnovations,,,645,657,FP,776
s37/37_0505funnyinnovations,,,696,712,FP,777
s37/37_0505funnyinnovations,,,1183,1213,FP,778
s37/37_0507climbingthewall,846,881,828,873,TP,779
s37/37_0507climbingthewall,1571,1680,1572,1677,TP,780
s37/37_0507climbingthewall,1751,1782,1755,1793,TP,781
s37/37_0507climbingthewall,2020,2074,2026,2090,TP,782
s37/37_0507climbingthewall,2341,2400,2333,2428,TP,783
s37/37_0507climbingthewall,2688,2752,2690,2743,TP,784
s37/37_0507climbingthewall,,,12,198,FP,785
s37/37_0507climbingthewall,,,226,251,FP,786
s37/37_0507climbingthewall,,,371,388,FP,787
s37/37_0507climbingthewall,,,877,927,FP,788
s37/37_0507climbingthewall,,,962,988,FP,789
s37/37_0507climbingthewall,,,1027,1089,FP,790
s37/37_0507climbingthewall,,,1105,1143,FP,791
s37/37_0507climbingthewall,,,1264,1293,FP,792
s37/37_0507climbingthewall,,,1304,1332,FP,793
s37/37_0507climbingthewall,,,1479,1509,FP,794
s37/37_0507climbingthewall,,,1416,1428,FP,795
s37/37_0507climbingthewall,,,1501,1531,FP,796
s37/37_0507climbingthewall,,,1864,1895,FP,797
s37/37_0507climbingthewall,,,2095,2127,FP,798
s37/37_0507climbingthewall,,,2126,2144,FP,799
s37/37_0507climbingthewall,,,2144,2165,FP,800
s37/37_0507climbingthewall,,,2176,2215,FP,801
s37/37_0507climbingthewall,,,2420,2450,FP,802
s37/37_0507climbingthewall,,,2542,2586,FP,803
s37/37_0507climbingthewall,,,2614,2643,FP,804
s37/37_0507climbingthewall,,,2517,2543,FP,805
s37/37_0507climbingthewall,,,2879,2908,FP,806
s37/37_0507climbingthewall,,,3027,3071,FP,807
s37/37_0507climbingthewall,,,3119,3144,FP,808
s37/37_0507climbingthewall,,,3162,3260,FP,809
s37/37_0508funnydunkey,233,255,235,254,TP,810
s37/37_0508funnydunkey,322,353,,,FN,811
s37/37_0508funnydunkey,418,430,,,FN,812
s37/37_0508funnydunkey,,,19,54,FP,813
s37/37_0508funnydunkey,,,316,330,FP,814
s38/38_0502funnyerrors,329,362,333,372,TP,815
s38/38_0502funnyerrors,878,922,880,916,TP,816
s38/38_0502funnyerrors,962,981,,,FN,817
s38/38_0502funnyerrors,1189,1217,1190,1235,TP,818
s38/38_0502funnyerrors,1782,1841,1779,1835,TP,819
s38/38_0502funnyerrors,1869,1902,1864,1892,TP,820
s38/38_0502funnyerrors,,,370,391,FP,821
s38/38_0502funnyerrors,,,452,466,FP,822
s38/38_0502funnyerrors,,,497,525,FP,823
s38/38_0502funnyerrors,,,926,953,FP,824
s38/38_0502funnyerrors,,,1902,1925,FP,825
s38/38_0502funnyerrors,,,1942,1965,FP,826
s38/38_0507climbingthewall,1242,1263,,,FN,827
s38/38_0507climbingthewall,1377,1422,1378,1437,TP,828
s38/38_0507climbingthewall,1664,1703,1667,1704,TP,829
s38/38_0507climbingthewall,1775,1809,1789,1812,TP,830
s38/38_0507climbingthewall,1870,1911,,,FN,831
s38/38_0507climbingthewall,2232,2247,2234,2255,TP,832
s38/38_0507climbingthewall,,,1822,1837,FP,833
s38/38_0507climbingthewall,,,2088,2100,FP,834
s40/40_0401girlcrashing,392,415,,,FN,835
s40/40_0401girlcrashing,592,613,,,FN,836
s40/40_0401girlcrashing,,,29,69,FP,837
s40/40_0401girlcrashing,,,72,146,FP,838
s40/40_0401girlcrashing,,,156,201,FP,839
s40/40_0401girlcrashing,,,5,29,FP,840
s40/40_0401girlcrashing,,,404,435,FP,841
s40/40_0502funnyerrors,601,633,603,621,TP,842
s40/40_0502funnyerrors,1598,1633,,,FN,843
s40/40_0502funnyerrors,,,1644,1672,FP,844
s40/40_0503unnyfarting,2692,2727,,,FN,845
s40/40_0503unnyfarting,,,2698,2714,FP,846
